url,label
https://www.freelancer.co.id/job-search/lowongan-agen-judi-online/,1
https://id.wikipedia.org/wiki/Judi_daring,0
https://quovadisresort.com/author/qvdadmin/,1
https://indonesiayouthfoundation.org/the-indonesian-education-system/,0
https://www.tempo.co/hukum/ppatk-perputaran-uang-judi-online-2025-mencapai-rp-1-200-triliun--1233401,0
https://www.focus-economics.com/countries/indonesia/,0
https://windcreekcasino.com/,1
https://m.sia.no/,1
https://www.crazygames.co.id/t/kartu,1
https://id.wikipedia.org/wiki/Mesin_slot,0
https://www.viva.co.id/digital/digilife/334384-inilah-10-situs-judi-online-terbesar-di-ri,1
https://id.quora.com/Apa-saja-situs-judi-yang-terpercaya-dan-aman,1
https://id.wikipedia.org/wiki/Teknologi_informasi_Indonesia,0
https://id.linkedin.com/company/teknologi-indonesia,0
https://farmburguesa.com/,1
https://www.indonesianews.co.id/,0
https://rejosari-kangkung.desa.id/assets/peta/,0
https://www.hyc-king.com/,1
https://www.hukumonline.com/klinik/a/ikut-judi-online-dari-luar-negeri-lt5fabd3a5f21a8/,0
https://www.detik.com/,0
https://www.kompas.id/baca/english/2024/05/01/en-tantangan-pendidikan-indonesia,0
https://id.quora.com/Bagaimana-cara-bermain-mesin-slot-pragmatic-agar-bisa-menang,1
https://www.britannica.com/place/Indonesia/Economy,0
https://play.google.com/store/apps/details?id=com.zynga.livepoker&hl=id,1
https://bakeuda.tebokab.go.id/engkol/?id_ID=bandar+bola+liga+australia,1
https://www.afsusa.org/countries/indonesia/,0
https://jakartaglobe.id/,0
https://pemerintahan.uma.ac.id/2024/08/perubahan-struktur-kekuasaan-di-indonesia/,0
https://www.liputan6.com/,0
https://www.kki.go.id/,0
https://www.casino.org/id-id/,1
https://id.wikipedia.org/wiki/Kementerian_Kesehatan_Republik_Indonesia,0
https://disdukcapil.tegalkota.go.id/?id_ID=FREEBET-NEW-MEMBER-TANPA-DEPOSIT,1
https://www.cnnindonesia.com/teknologi,0
https://play.google.com/store/apps/details?id=casino.slot.machines.slots.free&hl=id,1
https://www.lt-indonesia.com/,0
https://www.cnnindonesia.com/,0
https://pubs2.ascee.org/index.php/ijele/article/view/733,0
https://id.wikipedia.org/wiki/Universitas_Indonesia,0
https://www.kompas.com/,0
https://umumsetda.bulelengkab.go.id/informasi/detail/artikel/sistem-pemerintahan-indonesia-20,0
https://www.indonesia-investments.com/culture/economy/item177?,0
https://ejournal.unitomo.ac.id/,0
https://theconversation.com/dirancang-untuk-menipu-bagaimana-cara-judi-slot-mengelabui-otak-dan-merusak-realitas-214646,0
https://www.youtube.com/watch?v=p6ml2de9qio&pp=0gcJCdgAo7VqN5tD,1
https://www.cnnindonesia.com/tag/judi-online,1
https://id.linkedin.com/school/university-of-indonesia/,0
https://news.google.com/?authuser=0&hl=id,0
https://www.ui.ac.id/,0
https://lib.litbang.kemendagri.go.id/index.php?p=show_detail&id=1869,0
https://fkip.umsu.ac.id/sistem-pendidikan-di-indonesia/,0
https://cakesmashoutfits.com/,1
https://caprazkaracigernakli.inonu.edu.tr/,0
https://www.betsson.com/en/casino,1
https://bakeuda.tebokab.go.id/engkol/?id_ID=bandar+bola+Real+Madrid,1
https://www.casino.com/id/,1
https://indonesia.go.id/,0
https://translate.google.com/translate?u=https://en.antaranews.com/&hl=id&sl=en&tl=id&client=srp,0
https://setkab.go.id/indonesia-matters-emerging-market-to-economic-powerhouse/,0
https://psy.agu.edu.tr/,0
https://setda.demakkab.go.id/,0
https://www.antaranews.com/,0
https://online.swisscasinos.ch/,1
https://en.wikipedia.org/wiki/Economy_of_Indonesia,0
https://play.google.com/store/apps/details?id=com.winning.jackpot.slots.casino.mania.slotmachines.free&hl=id,1
https://zyngapoker.com/,1
https://student-activity.binus.ac.id/bnec/2021/09/29/indonesian-cultures-that-are-famous-to-foreign-countries/,0
https://www.pokernow.club/,1
https://makeyourasia.com/indonesia/indonesian-culture.html,0
https://balaibahasajabar.kemdikbud.go.id/bbpjb/?id_ID=freebet-tanpa-deposit,1
https://translate.google.com/translate?u=https://en.wikipedia.org/wiki/Education_in_Indonesia&hl=id&sl=en&tl=id&client=srp,0
https://casino.netbet.co.uk/,1
https://hairaat.com/,1
https://campus.quipper.com/directory/universitas-indonesia,0
https://www.playwsop.com/,1
https://play.google.com/store/apps/details?id=com.mobiusx.live4dresults&hl=id,0
https://indonesianews.id/,0
https://id.wikipedia.org/wiki/Pemerintah_Indonesia,0
https://partnership.kemdikbud.go.id/,0
https://journal.aspirasi.or.id/index.php/morfologi/article/download/42/46,0
https://ggpoker.com/,1
https://www.instagram.com/kemenkes_ri/,0
https://www.sindonews.com/,0
https://translate.google.com/translate?u=https://www.statista.com/topics/9229/education-in-indonesia/&hl=id&sl=en&tl=id&client=srp,0
https://jurnal.hukumonline.com/a/5cb497ac01fb73001038cb70/sistem-pemerintahan-indonesia-pendekatan-teori-dan-praktek-konstitusi-undang-undang-dasar-1945/,0
https://dif.telkomuniversity.ac.id/teknologi-di-indonesia-pengertian-jenis-dan-manfaatnya/,0
https://iti.ac.id/,0
https://dchhomemedical.com/,1
https://games.aarp.org/games/texas-holdem-poker-sit-and-go,1
https://www.kemdikbud.go.id/,0
https://m.sia.no/pkv-games/,1
https://www.pwc.com/id/en/pwc-publications/general-publications/indonesia-economic-update.html,0
https://retail.h2bgroup.com/,1
https://www.rukita.co/stories/mesin-slot,1
https://en.wikipedia.org/wiki/Culture_of_Indonesia,0
https://culturalatlas.sbs.com.au/indonesian-culture,0
https://mutucertification.com/sistem-pendidikan-nasional-dan-fungsi/,0
https://tradingeconomics.com/indonesia/indicators,0
https://www.instagram.com/univ_indonesia/,0
https://www.tempo.co/ekonomi/kenapa-selalu-kalah-main-judi-online-ini-cara-kerja-permainannya-48190,0
https://files.eric.ed.gov/fulltext/EJ1281576.pdf,0
https://www.adb.org/where-we-work/indonesia/economy,0
https://www.britannica.com/place/India/Cultural-life,0
https://dewi-nusantara.com/2024/07/things-to-know-about-indonesian-culture-before-visiting,0
https://ejournal.unperba.ac.id/,0
https://www.tempo.co/,0
https://www.youtube.com/watch?v=wlKE9xVtld8&pp=0gcJCdgAo7VqN5tD,1
https://laboratoriocofasa.com/,1
https://news.detik.com/,0
https://www.kemenkopmk.go.id/pemerintah-fokus-tingkatkan-kualitas-pendidikan-di-indonesia,0
https://www.komdigi.go.id/berita/artikel/detail/berantas-tuntas-judi-online,0
https://www.okezone.com/tag/judi-online,1
https://museodelasconstituciones.unam.mx/,0
https://play.google.com/store/apps/details?id=com.zentertain.classicvegasslots&hl=id,1
https://www.cnbcindonesia.com/news,0
https://www.unicef.org/indonesia/education-and-adolescents,0
https://translate.google.com/translate?u=https://www.thejakartapost.com/&hl=id&sl=en&tl=id&client=srp,0
https://kemkes.go.id/,0
https://www.pokerstars.com/,1
https://stephenvizinczey.com/,1
https://pafikotanamlea.org/,0
https://www.worldbank.org/en/country/indonesia/overview,0
https://www.tempo.co/hukum/polisi-tangkap-operator-agen-judi-online-1xbet-di-indonesia-1210373,0
https://fib.unair.ac.id/fib/2024/02/20/perkembangan-pendidikan-di-indonesia-dari-masa-ke-masa/,0
https://play.google.com/store/apps/details?id=com.igg.android.casinodeluxebyigg&hl=id,1
https://moodle.ebserh.gov.br/,0
https://id.wikipedia.org/wiki/Kesehatan_di_Indonesia,0
https://apps.microsoft.com/detail/9n1x7qvfm874?hl=id-ID&gl=ID,1
https://www.hollandcasino.nl/en/casino,1
https://play.google.com/store/apps/details/Poker+Online?id=com.rstgames.poker&hl=id,1
https://komunikasi.untag-sby.ac.id/web/beritadetail/perkembangan-teknologi-informasi-dan-komunikasi-di-indonesia.html,0
https://bandarc855.com/,1
https://id.wikipedia.org/wiki/Kasino_daring,0
https://jogja.polri.go.id/yogyakarta/tribrata-news/online/detail/judi-online--ancaman-nyata-di-era-digital--jeratan-hukum-menanti.html,0
https://maukuliah.id/universities/universitas-indonesia,0
https://dempelrejo-ngampel.desa.id/kabardetail/svayamjago/,0
https://indonesia.mfa.gov.ir/en/generalcategoryservices/8447/indonesian-culture,0
https://id.carousell.com/p/situs-freebet-tanpa-deposit-1361983277/,1
https://id.wikipedia.org/wiki/Pendidikan_di_Indonesia,0
https://www.enchantingtravels.com/destinations/asia/indonesia/indonesia-culture/,0
https://www.hukumonline.com/berita/a/refleksi-sistem-pemerintahan-indonesia-dalam-legislasi-lt5f9f9449d727d/,0
https://www.missnancywilson.com/,1
https://id.quora.com/Apa-nama-situs-judi-terbesar-dan-terpercaya,1
https://indonesia.go.id/profil/sistem-pemerintahan/ekonomi/pemerintah-indonesia,0
https://www.kompasiana.com/untsaaisyah9568/661e6cdec57afb79263f4fb2/apakah-pendidikan-di-indonesia-sudah-baik,0
https://jurnal.untag-sby.ac.id/index.php/bonumcommune/article/view/4714,0